,ID,Tweet
0,1623369158804049922,"Hi frens, to all my branding experts, please what is the fashion/attire of a male, proudly-African engineer?

No wrong answers, I'm asking seriously.

#Naija #BBTitans #LeBronJames #fashion"
1,1623369061253120001,"HUSSAIN REHAR - TAMMAM - - - 0305 1285050

#fashion #clothingbrand #clothingstore #clothes #viralpost #fyp #hussainrehar https://t.co/OD6PhlAnjk"
2,1623368981817004055,Get my art printed on awesome products at Redbubble #RBandME https://t.co/IeMS3quAA6â€¦ #findyourthing #redbubble #artwork #ArtistOnTwitter #artist #uniquegifts #Masks #fashion #style #Logo #LogoDesign #colourful #Sarcasm #MORE #Christmas #birthday #MothersDay #FathersDay #USA
3,1623368974107873281,"My New project â€œ Crowns &amp; Caps â€œ produced by @rudyrhythmz droppin  Out Now  on all music platforms #BanginTables 
 #rap #artist #fashion #merchandise #rapper #TheBronx #music #art #djs #HipHop #california  #atlanta #NewYorkCity #beats https://t.co/vY9KqP7TBN"
4,1623368898048565248,"âœ¨All You Need Is Love T-Shirt. Valentines Day 
T-Shirt.

ğŸ”¹SAVE 27% for the next 1 day.

#ValentinesDay #shopping #shoppingqueen #ShopMyCloset #fashion #FashionWeek #fashionhistory #Clothing #onlinestore #onlineshopping #womenfashion #women #styles #tshirtshop #tshirtdesign https://t.co/x2ccPXDH2H"
5,1623368878775730176,"HUSSAIN REHAR - TAMMAM - - - 0305 1285050

#fashion #clothingbrand #clothingstore #clothes #viralpost #fyp #hussainrehar https://t.co/3mCWUQsTpR"
6,1623368842889072640,"#Vivara Jewelry SS23
#Campaign

Model : #LaisRibeiro

ğŸ“· : @guipaganini
ğŸ‘— : @renatacorrea

#Fashioncampaign 
#Editorial #fashion 
#instagood #Instafashion 
#instagram #blogger
#ootd #instadaily
#zackylicious 
#abbyzacky https://t.co/Xtd7FMJk5e"
7,1623368727302443008,"Jack &amp; Jones Junior Vaquero 'Glenn'  azul denim por 39.90en #aboutyou
https://t.co/SnBL3FY6o1
#moda #fashion #ahorra #outfit https://t.co/TrLy2hhaUh"
8,1623368715147350022,"link: https://t.co/Ar2mRluaGi
price: 36.51 $
Easy Spirit Women's Travelport19 Mule  ...
4.5 out of 5 stars
#amazon #online #shopping #buy #fashion #style #clothing https://t.co/ftdXiKdWrv"
9,1623368701041905686,"#deal #discount #offer #coupons #fashion  #promotion #NOW

Teclast P20S 10.1 Inch  1280X800 IPS Tablet 4GB RAM 64GB ROM MTK P22 Octa Core Android 12 Dual Cameras Wifi GPS Type-C https://t.co/Gjc8HVi6Af"
10,1623368654845841426,#news #usa #love #music #fashion #photography #instagood #losangeles #california #media #art #entertainment #tv #sports #politics #miami #hiphop #follow #america #instagram #newyork #trump #nyc #rap #business #world #noticias #radio #florida #atlanta
11,1623368624936259591,J-Lo has opened up about calling off her wedding to Ben Affleck #styling #fashion #style #design #stylist #interiordesign #photography #ootd #interior #model https://t.co/TpMExIlBS1
12,1623368620561829888,"only for $58.99. https://t.co/MxpaCVZ5cJ 
#boots #Design #Fashion #Highheels #Leather #OverTheKnee #Pleated #Runway #SexyPointedToe #Shoes #Strange #Woman #Zip https://t.co/VKw4EXTiby"
13,1623368610805649442,"USA STORE ONLY:

VALENTINE SPECIAL 

https://t.co/n3OROV5eiy

#valentine #love #valentinesday #valentines #valentineday #valentinegift #gift #valentinesgift #valentinesdaygift #happyvalentinesday #heart #giftideas #fashion #flowers #chocolate #instagood #anniversary #wedding"
14,1623368592300605440,"I am what I chose to become. #tshirtğŸ‘•
I am what I chose to become. This for special design for action takers. #tshirtdesign #fashion #teepublic https://t.co/uERv20ZItu"
15,1623368573023358976,"Piper Curda- Age, Net Worth, Boyfriend, Family, Amazing #Lifestyle and Biography https://t.co/wHnVh8KVSS #me #fashion #style #photooftheday #instagood #photography #love #model"
16,1623368539703808003,#news #usa #love #music #fashion #photography #instagood #losangeles #california #media #art #entertainment #tv #sports #politics #miami #hiphop #follow #america #instagram #newyork #trump #nyc #rap #business #world #noticias #radio #florida #atlanta
17,1623368527120896012,Get my art printed on awesome products at Redbubble #RBandME https://t.co/LqWqG5eWlxâ€¦ #findyourthing #redbubble #artwork #ArtistOnTwitter #artist #uniquegifts #Masks #fashion #quotes #quote #LogoDesign #bunnyhugger #Sarcasm #gift #Christmas #birthday #MothersDay #FathersDay #USA
18,1623368485207216144,"1885å¹´ã®ãƒ•ã‚¡ãƒƒã‚·ãƒ§ãƒ³ãƒ¢ãƒ¼ãƒ‰
Revue de la Mode 1885(English: Fashion Review 1885)
#Victorian
#Fashion
#ãƒ´ã‚£ã‚¯ãƒˆãƒªã‚¢æœ
https://t.co/PrSDmKb4UJ"
19,1623368272434368529,"How beautiful is that?
 
 Follow us - https://t.co/OkdUXqRDH4 

#lingerie #bra #boudoir #fashion #photography #beautiful https://t.co/xhRJnhuJYr"
20,1623368232186036224,"Vãƒãƒƒã‚¯ã®ç™½ã‚«ãƒƒãƒˆã‚½ãƒ¼ã¨ã‚­ãƒ£ãƒƒãƒ—ã§ã‚·ãƒ³ãƒ—ãƒ«ã«ã‹ã£ã“ã‚ˆãã€‚ãƒ–ãƒ©ã‚¦ãƒ³ã®ã‚·ãƒ¥ãƒ¼ã‚ºã§è½ã¡ç€ã„ãŸå°è±¡ã«ã€‚ 
https://t.co/jwpU07tZQq
#ãƒ¡ãƒ³ã‚ºãƒ•ã‚¡ãƒƒã‚·ãƒ§ãƒ³ #fashion"
21,1623368208504983554,#jichangwook #jcw #music #song #series #fashion #drama #Romance #magic #TV #tv https://t.co/crSepU4xTK
22,1623368205837209635,"link: https://t.co/71gS5qqJ5e
price: 118.93 $
Muck Arctic Adventure Tall Rubber Women's Winter Boots  ...
4.7 out of 5 stars
#amazon #online #shopping #buy #fashion #style #clothing https://t.co/z8kZxuU001"
23,1623368143501422592,Nikias Logo - Romper #logo #zazzlemade #zazzle #vythryd #toddlers #romper #baby #circle #fashion #style #round #geometric #elegant #orange #abstract  https://t.co/viPXS9GOA3 via @zazzle
24,1623368114963419156,"Free Delivery Available in Dar es Salaam
Shop Now for : https://t.co/iTvUCKjcKj
___
#fashion #FashionistaSTBongo #Mara100Zaidi #blackfriday #christmas #halloween #nguo #daressalaam #pambakali #zanzibar #fashionista #shopping #tanzania #simba #yanga #apparel #clothing #Skirt... https://t.co/JvLdIxwXKa"
25,1623368076413620225,Insaneeee rare spell out Hysteric Glamour glittery graphic print knit cami top with lace - Â£130 - 8https://t.co/aiaQfWyyTu #fluf #chic #cute #Rare #Streetwear #Summer #Vintage #vtg #Y2k #fashion #resale
26,1623368072479535105,"Bol Do Na Zara
@Anandsingh246 Twitter
@jr_thakur_saab246 insta
#jr_thakur_saab246
#trending #viral #instagram #love #explorepage #explore #instagood #fashion #follow #like #india #trend #instadaily #music #style #trendingnow #reels #foryou #likes #model #beautiful #bollywood https://t.co/YQj44yLo9G"
27,1623367906494132225,ãƒ¬ãƒ“ãƒ¥ãƒ¼ã‚’æ›¸ãã ã‘ã§ã‚ªãƒˆã‚¯ã«ãªã‚‹å•†å“ãŸã¡ã€‚https://t.co/fB5d4PudSrã€€#RTæ‹¡æ•£ #rakuten #fashion #shoes #fukubukuro https://t.co/HYubV3qRgN #TenchoBlog
28,1623367889406332946,"Bike Saddle https://t.co/jXGmSg473Z
 #onlineshop #onlineshopping #fashion #online #beauty #onlinestore #shopping #Auto #caraccessories #petsupplies #babies #kids #accessories #outdoors #Sunglasses #gadgets #Home #Garden #watch https://t.co/MjFdB128YQ"
29,1623367888722661390,"Liquidation &amp; Wholesale Lot: 50PCS S925 Silver Pin Zircon Earrings Pearl Stud Earrings
#wholesale #closeouts #thrifting #liquidation #deals #Fashion earrings
https://t.co/QDsqjUx5ec"
30,1623367788449366016,"Fashion should be fun and not taken too seriously.

 https://t.co/oGahgjbPTX 

#clothing #fashion #accessories https://t.co/KhDX0VdGZh"
31,1623367783344906241,"SARA Y MARCELA DE AMAZONAS SE DESPIDEN DE â€˜SURVIVOR, LA ISLA DE LOS FAMOSOSâ€™ @SurvivorLaIsla #SurvivorLaIsla @soniairojas @CanalRCN @PrensaRCN #cnnireport #Entretenimiento #cultura #fashionista #fashionblogger #F4F #fashionable #Fashion #Trending #TBT https://t.co/bCWsRn0lcu"
32,1623367722485616662,"ğŸ’•Give #Love For Valentine's Day!
ğŸ‘‰Use #Code: Love1 &amp; Get 15% Off (+$89)+#FreeShipping!

ğŸ‘‰Check Out our Off Shoulder Belted Chiffon Maxi Bridemaid Dress!
Get Yours ğŸ‘‰ https://t.co/JcKMmUN1lm

#clothing #fashion #Valentine #Deals #fikafuntimes #quote https://t.co/xOTAP3tKew"
33,1623367711702269953,"#sexy #bikini
#sexygirles
#underwear
#swimwearfashions
#pretty
#girls
#cool
#cute
#fun
#instagood
#new
#fashion
#beaute
#style
#love
#beautiful https://t.co/squCAfEOgG"
34,1623367694601883671,"link: https://t.co/qsX6yovaCf
price: 45.0 $
Alex and Ani Celebrate Happy Retirement Bracelet  ...
4.8 out of 5 stars
#amazon #online #shopping #buy #fashion #style #clothing https://t.co/Rp2TTHFi7b"
35,1623367689833177090,"å›½æ°‘çš„ãƒ•ã‚¡ãƒƒã‚·ãƒ§ãƒ³
#ã‚ªã‚·ãƒ£ãƒ¬
#ãƒ•ã‚¡ãƒƒã‚·ãƒ§ãƒ³
#fashion
#ã‚¤ãƒ¤ãƒªãƒ³ã‚°
#ãƒãƒƒã‚¯ãƒ¬ã‚¹
#anchor
https://t.co/LmSmLTb1xq"
36,1623367661928185856,"https://t.co/6vcVD74W0R
#fashion #love #NewTwitter  #explorepage #explore #viral #funny #instagood #likeforlikes #quotes #followforfollowback https://t.co/u1XcVPHAAE https://t.co/U6ymjn5ybn"
37,1623367630282268672,"USA STORE ONLY:

VALENTINE SPECIAL 

https://t.co/sdJgMITSDy

#valentine #love #valentinesday #valentines #valentineday #valentinegift #gift #valentinesgift #valentinesdaygift #happyvalentinesday #heart #giftideas #fashion #flowers #chocolate #instagood #anniversary #wedding"
38,1623367627178446858,Velvet 3/4 Sleeve Midi Dress berry https://t.co/DAMrIxhLFx #fashion https://t.co/Nbpq4zCwYJ
39,1623367606487945271,"Emily Bardon has joined the Board of Directors for St. Louis Fashion Fund, an organization supporting emerging designers and promoting fashion education in our community. Check her out in this month's edition of @townandstyle! #fashion #community https://t.co/2PfPBfKV9P"
40,1623367590025302026,"Johanna Multi Compartment Crossbody Bag for only $29 (Reg. $219)

Johanna Multi Compartment Crossbody Bag for only $29 (Reg. $219)

https://t.co/ga48WvoODH

#Fashion #MKFCollection https://t.co/1aIilogb3P"
41,1623367582429622272,#fashion #style #love #instagood #like #photography #beautiful #photooftheday #follow #instagram #picoftheday #model #bhfyp #art #beauty #instadaily #me #likeforlikes #smile #ootd #followme #moda #fashionblogger #happy #cute #instalike #myself #fashionstyle #photo #Fashionista https://t.co/3HpjJuRnUA
42,1623367500174921729,"Itni shaandar OFFER or kahan ğŸ¤¯

Card Holder FLAT 52% OFF! 

Abhi khareedo Forunshopping se ğŸ‘‰ğŸ»: https://t.co/U0fZt4XhBu

#Steelwallets #cardholder #onlineshopping #forunshopping #instashopping #fashion #trend #easytocarry https://t.co/ejXGBuRYx7"
43,1623367484052045826,"Siempre parece imposible hasta que se hace.ğŸ¤™ğŸ˜‡ğŸ’­
https://t.co/S7xjquBrX2

.
.
.
.
.
.
.
.
.
#love #instagood
#fashion #geronimorufino
#photooftheday
#art #Instagram
#beautiful #nofilter
#tbt #igers
#picoftheday #natura
#natural #loveyourself https://t.co/AIq9BxvYdT"
44,1623367455987929117,"VTR | THE BOOK OF TRAVELSÂ 
SNAPSHOTS OF BANGLADESH | PEOPLE.
https://t.co/w52lQZzbIZ
#creativity #graphicdesign #art #dream #love #life #follow #design #fashion #mystery #charm #beauty #photo #fish #culture #sea #sky #story #mymoody #picoftheday #future #nyc #travel #bangladesh https://t.co/WwrT1LnAc4"
45,1623367404599521280,"Vera Bradley Womens Cotton Small Vera Tote Handbag, Mulled Wine - Recycled Cotton Valentine's Day Gifts For Her https://t.co/Lgk900SI3F via @amazon #ValentinesDay #giftsforher #fashion #handbag"
46,1623367381102825495,"#deal #discount #offer #coupons #fashion  #promotion #NOW

The TABLET 8 Inch Tablet Android 9.0 Tablet 4GB RAM 64GB ROM 3G 4G Mobile Phone Call Octa Core 8 CPU AI Speed-up 5000mAh Battery https://t.co/jevxo3BL4g"
47,1623367313151115264,"ç”±æ‘„å½±å¸ˆ Brigitte Lacombe æŒé•œï¼ŒDiorå“ç‰Œå¤§ä½¿è¿ªä¸½çƒ­å·´ä¼˜é›…æ¼”ç»å“ç‰Œæ–°æ‰‹è¢‹Lady95.22ã€‚ä»¥LADYDIORæ‰‹è¢‹çš„è¯ç”Ÿå¹´ä»½""1995""å’Œæ­¤æ¬¾æ–°æ‰‹è¢‹çš„é—®ä¸–å¹´
ä»½""2022""ä¸ºåï¼Œï¼Œå…¨æ–°LADY95.22æ‰‹è¢‹æ–°æ—§äº¤æ±‡ï¼Œå½°æ˜¾å¾€æ˜”ä¼ å¥‡ä¸å½“ä»£é£è²Œèæ±‡çš„é¢è²Œã€‚
â¡
@dior #dior #france #bag #chinese #fashion #diorlady9522 #è¿ªä¸½çƒ­å·´ https://t.co/UjYfoMjBRt"
48,1623367312039354369,"We make a limited edition, patented French-cuff that can be easily attached to any shirt already in your wardrobe. â 
â 
#frenchcuff #fashion #style #outfit #ootd #stylish #fashionista #streetstyle #fashionstyle #fashioninspo #fashiondaily #styleinspo  #accessories https://t.co/KvOP3hKjre"
49,1623367310034575360,#sexymodel #sexy #model #hotmodel #beautiful #bikini #hot #hotgirl #love #beauty #modeling #photography #sexygirls #girl #sexygirl #fashion #follow #fitness #instagood #lingerie #photoshoot #photooftheday #bikinimodel #sensual #girls #sexymodelsgirls #like  #models #onlyfansbabe
50,1623367309787074565,"[ #Fashion in  #Paris ] ğŸ‘  
@LVMHâ€™s #NonaSource Names FirstÂ Ambassadors: Victor Weinsanto, Nensi Dojaka, Cecilie Bahnsen and Karoline Vitto will be the platform's first ""Mindful Creatives Collective."" â¤ï¸ 
https://t.co/aqtV4usHq4 @wwd
#fashiondesign #fashiondesigner ##luxury https://t.co/lOFdiqPYPq"
51,1623367307463368704,"Team #UnitedCrowd is hard at work ğŸ’ª  on our client's fantastic #NFT project. The first collection of the celebrated shooting star and #fashion designer Martin AppÃ©lt will soon be available in #publicsale. 
Check out first impressions ğŸ‘‰ https://t.co/9bkhCrD8zy
#metaverse #web3 https://t.co/I0702mKMAU"
52,1623367267755913216,"VTR | THE BOOK OF TRAVELSÂ 
SNAPSHOTS OF BANGLADESH | PEOPLE.
https://t.co/aQMUWcJY8E
#creativity #graphicdesign #art #dream #love #life #follow #design #fashion #mystery #charm #beauty #photo #fish #culture #sea #sky #story #mymoody #picoftheday #future #nyc #travel #bangladesh https://t.co/GAVL4orinf"
53,1623367185073639429,"link: https://t.co/59M5xJvV1J
price: 19.79 $
TFJH E Boys Swimsuits Rash Guard Suits Swimwear Toddler 50+ UV Sun Protective One-Piece Zip  ...
4.4 out of 5 stars
#amazon #online #shopping #buy #fashion #style #clothing https://t.co/1SgtRINjIp"
54,1623367117092585472,"To Fir Aao
@jr_thakur_saab246 insta
@Anandsingh246 Twitter
#jr_thakur_saab246
#trending #viral #instagram #love #explorepage #explore #instagood #fashion #follow #like #photography #india #trend #instadaily #music #style #trendingnow #reels #foryou #likes #model #bollywood https://t.co/Mg4djNzOgz"
55,1623367074126135296,"https://t.co/vsJfHSi6Vc #FashionUSA
#fashion
#marketing
#usamazon
#mensfashion
#fashionstyle"
56,1623367029117059072,"https://t.co/ncKDP3kWcX #FashionUSA
#fashion
#marketing
#usamazon
#mensfashion
#fashionstyle"
57,1623366985768902661,"https://t.co/FoRzTnuHtr #FashionUSA
#fashion
#marketing
#usamazon
#mensfashion
#fashionstyle"
58,1623366952512290816,"https://t.co/r3klzjWA4n #FashionUSA
#fashion
#marketing
#usamazon
#mensfashion
#fashionstyle"
59,1623366949966151681,Empower your day with positive energy and live life to the fullest ğŸ¤#positivevibes #goodenergy #livelifehappy #newyork #city #timessquare #nasrjackson #fashion #street #rain #artist #usatravel #manhattan #brooklyn #nyc https://t.co/g9WyiquCZ5
60,1623366919289180162,"https://t.co/QtiyVLfbQ1 #FashionUSA
#fashion
#marketing
#usamazon
#mensfashion
#fashionstyle"
61,1623366918957662208,#fashion #life Refillable Brushes Set https://t.co/vF4GrSF5Ih
62,1623366917892481025,"U.S. to lift sanctions on former Russian Sberbank unit
#india #giveaway #quote #win #marketing #travel #love.
#instagood #photooftheday #fashion #trending #explorepage #viral #tbt #like4like #followme #picoftheday #follow #me #sel...
https://t.co/cAEWk82KSj"
63,1623366902067171337,"Check out this product ğŸ˜ Bodycon Cut Out Midi Dress ğŸ˜ 
by Fashionsbynora. 
Shop now ğŸ‘‰ğŸ‘‰ https://t.co/ieR7c5tVVX

Shop https://t.co/hD1qy7CeGF Today

#fashionsbynora #dress #jumpsuits #rompers #spring #summer #trendyoutfits #sale #fashion @fashionsbynora https://t.co/mdMGYnRtXo"
64,1623366889060634634,"Add a touch of exclusivity to your life! Get glamorous with our limited edition luxury jewelry â€” luxe finds crafted just for you.

ğŸ’Œ carl@bestdiamondsearch.com

#BestDiamondSearch #jewelry #fashion #handmade #earrings #accessories #necklace #gold #handmadejewelry #love #style https://t.co/AFDBZHxALv"
65,1623366883104931841,"https://t.co/jM7JFVs8Fs #FashionUSA
#fashion
#marketing
#usamazon
#mensfashion
#fashionstyle"
66,1623366814607503360,"Jenna Ortega â¤ Pariss
@jennaortega 
#JennaOrtega #Paris #FashionWeek #fashion #lovev #cute #travelphotography https://t.co/dyiP6JOT4h"
67,1623366799164325889,"Shahid Kapoor and Mira Rajput Kapoor seen at the airport.

#shahidkappor #MiraRajput #airport #timeofbollywood #salon #celebration #fashion #news #celebrate #celebrity #celebritynews #actress #hot #sexygirl #hotgirl #bollywood #bollywoodnews #viralpost #paparazzi https://t.co/HeNOI31aJH"
68,1623366783154487297,"#love #fashion #photooftheday #art #photography #beautiful #instagram #nature #picoftheday #happy #follow #travel #style #tbt #instadaily #like4like 
1xbet #summer #1xbet #nfl #bet #instalike #girl #futbol #football #soccer

âŒCLÄ°CK HEREâŒ
ğŸ”»ğŸ”»ğŸ‘‡ğŸ”»ğŸ”»
https://t.co/C0tzm3nAwz https://t.co/bR5Xk7oTSl"
69,1623366729685499905,"WE MAKE CUSTOM PIECES!
https://t.co/zD28RDdAEk
#hiphop #hiphopbling #bling #model
#photooftheday #money #cash #nofilter #fashion #style #swag #luxury #swagger #baller #jewels #jewelry #blingbling #PENDANT #vvs https://t.co/A7imnVg4CL"
70,1623366719161962504,The HR Laboratory is out! https://t.co/oAKSHtJ2CV #HR #workplace #employment #HRlaboratory Stories via @AkiKakko @tracytran @baski_LA #fashion #chatgpt
71,1623366680926687240,"Do you desire for increased sales? Grow your business and impact your customers in a good way and keeping your clients for a longer term?
#love #instagood #photooftheday #beautiful,#fashion #nature #happy #cute #like4like #simvoly #leaddragon #liondesk
https://t.co/yQcqirg3KP https://t.co/DZw4UkNeAc"
72,1623366674433949698,"link: https://t.co/ru2ej8FvhD
price: 65.81 $
Pendleton Women's Oversized Wrap  ...
5.0 out of 5 stars
#amazon #online #shopping #buy #fashion #style #clothing https://t.co/vlgt6s03Ih"
73,1623366669207801867,"Ù„ÙˆÙ† ÙƒÙ„Ù‡ Ø­ÙŠÙˆÙŠØ©ğŸ˜
Such a vibrant colorğŸ˜
BlouseğŸ” WLS_BYY04358-157
#vogacloset #ÙÙˆØºØ§_ÙƒÙ„ÙˆØ³ÙŠØª #fashion https://t.co/Ssh7axyZLL"
74,1623366664803782659,.#misogyny in the #menswear #fashion industry &amp; a #feminist response: https://t.co/licFUoPyvY @emilybihl @Racked @shop_healer @ryeandrivet
75,1623366629861036054,Shop https://t.co/Pa0M5ji8KM for women's designer #fashion #shoes and #accessories;  #MyTheresa #Nic+Zoe #BCBGMaxAzria #HarveyNichols #KentBrushes #Bleu #Bebe #InesDiSanto #BCBGeneration #MyWalit #SoniaRykiel #designerbag #handbag #luxurylifestylebrand #Luxome #Frye #Jambu https://t.co/IrgQkJvRn9
76,1623366560726323218,"Check out this product ğŸ˜ Embroidered Backpack ğŸ˜ 
by The Love Bud starting at $45.00. 
Shop now ğŸ‘‰ğŸ‘‰ https://t.co/o0BJUHwFQF #love #fashion #art https://t.co/fDmXOMCT5L"
77,1623366516350623744,"at

https://t.co/kS1QuSJhT8

#jinbei  #japanese  #fashion #kidsfashion  #kidsclothing"
78,1623366442379841553,Get my art printed on awesome products. Support me at Redbubble #RBandME https://t.co/VyBVmywuF3â€¦ #ArtistOnTwitter #artist #Masks #fashion #Logo #LogoDesign #colourful #Sarcasm #gift #Christmas #birthday #MothersDay #FathersDay #gifts #usa #unicorn #unicorns #rainbow #sarcastic
79,1623366413984362497,Just in time for the weekend! Check out our new online shop with 60 new listings! #shopping #onlineshopping #shopaholics #shoponline #newarrivals #style #fashion #trendy #instastyle #ootd #instafashion #styleinspo #styleoftheday Link in bio! #ai #ml #robotics #technology https://t.co/hu5Yu9Tm5X
80,1623366411136471064,"#deal #discount #offer #coupons #fashion  #promotion #NOW

2023 Newest Game Play 7 INCH TK701 Gift KID Tablet 2G RAM  32G ROM Android 10 Quad Core Dual Camera WIFI 1920*1080 IPS Screen https://t.co/tDpWjwbfxK"
81,1623366410725388288,"#moda #gay #gayboy #gaylove #gaylife #fashion

My Basic Jock Red 06 3xl por 14.94â‚¬ en #topgay
BasicÂ jockstrapÂ  Made of the finest fabricÂ Â  95% cotton 5% elastane ADDICTED logo on the elastic waistbandÂ  DesignedÂ &amp; made in Barcelona Our model i... https://t.co/2FSj414SvK https://t.co/9qT2shtvee"
82,1623366396846477313,Rome Fashion Week 2018 https://t.co/DiC4OBtrjN #RomeFashionWeek #DiMagazine #DonnaImpresa #AwardInternational #ValerianaMariani #Internationalwomen #Fashion #FashionWeek #Glamour #TopWomen #SpecialWomen #JackisBack #BellaVita #CaptainJack #RiccardoGubbiani #ImperoCouture #Roma
83,1623366390789902345,"ã€å•†å“ç´¹ä»‹ã€‘
å¯æ„›ã„ã‚ªãƒã‚±ãƒ‘ãƒ¼ã‚«ãƒ¼

#fashion #fashionweek #outfit #outfits #Hoodies #Unisex

https://t.co/eR3zJcSW4i"
84,1623366388755693568,"Check out this product ğŸ‘‰$49.99. 
Shop now ğŸ‘‰ https://t.co/f2cLT8my2k #fashion #dresses #plussize #bigsize #swimwear #shapewear #jeans #tracksuit #leggins #lingerie #stylish #woman #jewelry #rings #necklaces #watches #pants #clubwear #jacket #coat https://t.co/jzzplUPmgX"
85,1623366368576913408,for the flower people #sexy #igdaily #aesthetic #colorful #business #instagramers #instago #my #beautiful #photography #fashion #smile #prewedding #bridal #gym #workout https://t.co/ngxjSIFVGr
86,1623366359542337536,for the flower people #sexy #igdaily #aesthetic #colorful #business #instagramers #instago #my #beautiful #photography #fashion #smile #prewedding #bridal #gym #workout https://t.co/NA8sMy3XPz
87,1623366351036289039,for the flower people #sexy #igdaily #aesthetic #colorful #business #instagramers #instago #my #beautiful #photography #fashion #smile #prewedding #bridal #gym #workout https://t.co/cVW2DAkB6o
88,1623366342547247104,"Aankhon Se Tune ğŸ‘‰
@jr_thakur_saab246 for insta
@Anandsingh246 for Twitter
#Jr_thakur_saab246 
#trending #viral #instagram #love #explorepage #instagood #fashion #follow #tiktok #like #india #trend #instadaily #music #style #trendingnow #reels #foryou #likes  #model #bollywood https://t.co/qbFriS6Q0b"
89,1623366342102421530,for the flower people #sexy #igdaily #aesthetic #colorful #business #instagramers #instago #my #beautiful #photography #fashion #smile #prewedding #bridal #gym #workout https://t.co/o9bbpyA1bM
90,1623366340089155599,"""Learn to enjoy the moments"" 
Log on to https://t.co/Fm6zqrKCF3 
Download the app now: https://t.co/6TGldoIgSH 
#DesignerStyles #DesignerChurchSuits #QuoteOfTheDay #Enjoy #Moments #Fashion #ChurchSuits https://t.co/pItV1YHy01"
91,1623366333311160339,for the flower people #sexy #igdaily #aesthetic #colorful #business #instagramers #instago #my #beautiful #photography #fashion #smile #prewedding #bridal #gym #workout https://t.co/ZrhqiTHQzp
92,1623366333189525508,Still life - I. Feast of Dibella FuneraLL posted a photo: - https://t.co/j6rcbXDvUC #music #fashion #tranquility https://t.co/bFNdTx9wUs
93,1623366332853981191,#otc #vegan #fashion This YouTube channel has some of the most interesting and informative videos I've seen in a while. Give it a watch! $MAKE $HKGT $MCRAB $GNS https://t.co/B1muYFRPM3
94,1623366326243758105,"ğŸ”‡âœˆğŸ”
.
.
.
.
.
.
#blak #fashion #jeep #explore #cairo #egypt #russia #mall #white #blakman #man #fashionblack #fashionwhite #Ø§ÙƒØ³Ø¨Ù„ÙˆØ± #instagram #facebook https://t.co/J121FrB7AE"
95,1623366324826083354,"If 2022 was the year of announcing an increased focus on #sustainability, then 2023 is about execution for the #FashionIndustry. @Inforâ€™s Ana Friedlander shares her thoughts in @retail_today on the future of #fashion and trends for the year. Read now: https://t.co/xdc2wDuYlf https://t.co/SwIXJJdAgY"
96,1623366324222062592,#baile #espaÃ±a #sevilla #sevillanas #flamenco #latin #cante #moda #fashion #latinfashion https://t.co/dhaXEQmyuK
97,1623366323626708992,"handmade polar fleece tiger print Scarf | eBay #polar #fleece #scarf #tigerprint #winter #fashion #gifts #giftideas #neckwarmer #accessories #giftsforher #giftsforhim #giftshop #animalprint 
https://t.co/7BOTgVVS70
(Tweeted via https://t.co/BJwFQEXkQy) https://t.co/VTiyLTTeqW"
98,1623366323177680896,for the flower people #sexy #igdaily #aesthetic #colorful #business #instagramers #instago #my #beautiful #photography #fashion #smile #prewedding #bridal #gym #workout https://t.co/FS5Eosp2gK
99,1623366321277702148,"Dress up your lovely babies in these cute Disney fits.

Shop our new collection on https://t.co/elGsSVz0tf and in stores. Prices start from 45 DHS/ SAR.

#MyMaxStyle #newcollection #fashion #trends #Kidscollection #babycollection #Girls #Disney https://t.co/CHDg4nquTL"
