,ID,Name,Username,Date,Location,Followers
0,1588380282973229056,Yoshicart,YoshicartVendor,2022-11-04 03:59:21+00:00,,0
1,40969858,Sunshine2Sunset,Sun2Sunset,2009-05-18 21:13:46+00:00,,85
2,991704130010910720,7 days Online Store,Aleena_Bano1,2018-05-02 15:41:04+00:00,Pakistan,12643
3,1241749653013630976,FikafuntimesüëâNancy Tremblayüåπ,fikafuntimes,2020-03-22 15:33:00+00:00,Free Shipping Worldwide‚¨áÔ∏èüõí ‚û°Ô∏è,5092
4,19854456,Martha A Cheves,StirLaughRepeat,2009-02-01 11:47:04+00:00,"Charlotte, NC",3916
5,23439751,PrimeSiteUK - Business Listing & Promotion,PrimeSiteUK,2009-03-09 14:18:51+00:00,United Kingdom,8547
6,1277777663378128896,ùïä‚ÑÇùïêùïã‚Ñçùîº,Scytheartss,2020-06-30 01:35:16+00:00,üêáüï≥,518
7,3408257386,Kyla TheArtist,TheArtistKyla,2015-08-08 05:08:21+00:00,,271
8,19854456,Martha A Cheves,StirLaughRepeat,2009-02-01 11:47:04+00:00,"Charlotte, NC",3916
9,3845077218,VIXTORM,vixtormjewelry,2015-10-10 07:40:35+00:00,,337
10,1351403456888758272,Tamar Ingleton,ingleton_tamar,2021-01-19 05:37:54+00:00,"Brooklyn, NY",305
11,991704130010910720,7 days Online Store,Aleena_Bano1,2018-05-02 15:41:04+00:00,Pakistan,12643
12,4135109250,Coco Mary,CocoMaryPh,2015-11-05 13:02:46+00:00,WorldWide,104
13,1539988552670654464,Gossiping Celebrities,gossipingcelebb,2022-06-23 15:08:32+00:00,"Springfiel, Oregon",52
14,991704130010910720,7 days Online Store,Aleena_Bano1,2018-05-02 15:41:04+00:00,Pakistan,12643
15,19854456,Martha A Cheves,StirLaughRepeat,2009-02-01 11:47:04+00:00,"Charlotte, NC",3916
16,1161722774521561088,üíé Sweet Lucifer Goddess - Rebecca Diamante üíé,SweetLucifer1,2019-08-14 19:34:28+00:00,In your bank account,1129
17,991704130010910720,7 days Online Store,Aleena_Bano1,2018-05-02 15:41:04+00:00,Pakistan,12643
18,1649022144,MyMorningZoo,mymorningzoo,2013-08-06 00:37:23+00:00,,2459
19,146466834,fashion collapse,fashioncollapse,2010-05-21 14:13:54+00:00,Earth,2908
20,3408257386,Kyla TheArtist,TheArtistKyla,2015-08-08 05:08:21+00:00,,271
21,2913133888,Secret of Aging,SecretofAging,2014-12-09 18:45:44+00:00,"Chicago, IL",6662
22,117630075,seamlessblend,seamlessblend,2010-02-26 03:35:13+00:00,"New York, NY",1990
23,117630075,seamlessblend,seamlessblend,2010-02-26 03:35:13+00:00,"New York, NY",1990
24,117630075,seamlessblend,seamlessblend,2010-02-26 03:35:13+00:00,"New York, NY",1990
25,117630075,seamlessblend,seamlessblend,2010-02-26 03:35:13+00:00,"New York, NY",1990
26,3577922600,Boutique Des Femmes,boutiquedfemmes,2015-09-16 02:27:38+00:00,,17
27,19854456,Martha A Cheves,StirLaughRepeat,2009-02-01 11:47:04+00:00,"Charlotte, NC",3916
28,1273831915548639232,Waratah UGG,WaratahUgg,2020-06-19 04:17:24+00:00,NSW AUSTRALIA,3
29,1591680461222338560,heatherlyjewelry,heatherlyjewel,2022-11-13 06:33:48+00:00,North Carolina,4
30,608853735,"SHAREMYWORLD ARTSHOPü™êü•Ä5Êúà20,21Êó•„Éá„Ç∂„Éï„Çß„ÇπÂá∫Â±ïü•Äü™ê",smw_artshop,2012-06-15 04:36:28+00:00,,265
31,197992987,Azrael Feinsterns,Azrael_NSO,2010-10-03 01:42:58+00:00,,105
32,53135407,Goodwill Omaha,GoodwillOmaha,2009-07-02 17:54:53+00:00,"Omaha, NE",4612
33,1447975672870227968,jade D‚Äôhuman,jdhumanofficial,2021-10-12 17:21:49+00:00,,2
34,291227320,Quonset Hut,Quonset_Hut,2011-05-01 17:18:53+00:00,"Canton, OH 44709",67
35,884754913380773888,"Inveigle Magazine | Lifestyle, Fashion & Beauty",InveigleMagazi1,2017-07-11 12:43:04+00:00,Nationwide,2542
36,155284704,Shamika,houseoflaurelle,2010-06-13 18:02:02+00:00,United States,647
37,115278825,GetBlued,GetBlued,2010-02-18 05:04:26+00:00,Loyola Schools Bookstore,61035
38,1017580093856550912,Age Avengers¬ÆÔ∏è,age_avengers,2018-07-13 01:22:54+00:00,"Queensland, Australia",23
39,601926726,MaLanterne,MaLanterne,2012-06-07 12:52:02+00:00,"Crete, Greece",4099
40,3360355510,World Boutiques Ó®Ä,world_boutiques,2015-07-05 10:15:44+00:00,"Manhattan Beach, CA",2938
41,3360355510,World Boutiques Ó®Ä,world_boutiques,2015-07-05 10:15:44+00:00,"Manhattan Beach, CA",2938
42,3360355510,World Boutiques Ó®Ä,world_boutiques,2015-07-05 10:15:44+00:00,"Manhattan Beach, CA",2938
43,991704130010910720,7 days Online Store,Aleena_Bano1,2018-05-02 15:41:04+00:00,Pakistan,12643
44,1613835864,PrettyGemsLovedAgain,PrettyGemsLoved,2013-07-22 23:13:50+00:00,"Bel Air, MD",1731
45,1613835864,PrettyGemsLovedAgain,PrettyGemsLoved,2013-07-22 23:13:50+00:00,"Bel Air, MD",1731
46,3360355510,World Boutiques Ó®Ä,world_boutiques,2015-07-05 10:15:44+00:00,"Manhattan Beach, CA",2938
47,1547338580040859648,Nzuchi Apparel,NzuchiApparel,2022-07-13 21:54:11+00:00,United States,8
48,991704130010910720,7 days Online Store,Aleena_Bano1,2018-05-02 15:41:04+00:00,Pakistan,12643
49,1221429142253641728,Lady Liking,LadyLiking,2020-01-26 13:46:21+00:00,,64
50,19854456,Martha A Cheves,StirLaughRepeat,2009-02-01 11:47:04+00:00,"Charlotte, NC",3916
51,991704130010910720,7 days Online Store,Aleena_Bano1,2018-05-02 15:41:04+00:00,Pakistan,12643
52,1004747863,Katelyn Varshavski,BKlaskowski,2012-12-11 19:41:07+00:00,,412
53,872140253477425152,Wooden Watches,watches_wooden,2017-06-06 17:16:54+00:00,,166
54,991704130010910720,7 days Online Store,Aleena_Bano1,2018-05-02 15:41:04+00:00,Pakistan,12643
55,42275045,Harlan Adams {Adam},Courtdog_Knight,2009-05-24 20:24:32+00:00,"New York, USA",40
56,991704130010910720,7 days Online Store,Aleena_Bano1,2018-05-02 15:41:04+00:00,Pakistan,12643
57,991704130010910720,7 days Online Store,Aleena_Bano1,2018-05-02 15:41:04+00:00,Pakistan,12643
58,812424721,Tops and Bottoms,topsnbottomsusa,2012-09-09 05:21:35+00:00,"Chicago, IL",596
59,2380986391,samaki,samieze,2014-03-09 20:19:13+00:00,"Berlin, Germany",321
60,1539988552670654464,Gossiping Celebrities,gossipingcelebb,2022-06-23 15:08:32+00:00,"Springfiel, Oregon",52
61,2312319206,Moomettes,Moomettes,2014-01-26 19:02:48+00:00,"New England, USA",4990
62,133926878,Leon Frager,mrlfrager,2010-04-17 01:02:20+00:00,Miami |  NYC  |  LA  | ,864
63,2333079722,Biker Girl Bling,BikerGirlBling,2014-02-08 07:55:59+00:00,,3486
64,19854456,Martha A Cheves,StirLaughRepeat,2009-02-01 11:47:04+00:00,"Charlotte, NC",3916
65,1061918095,JL,JWonEtsy,2013-01-05 01:58:15+00:00,,485
66,1118057594281758720,Stylish Lady,buy1_best,2019-04-16 07:44:37+00:00,"New York, NY",9571
67,1326509745382035456,McFarlaneq,MFarlaneq,2020-11-11 12:59:20+00:00,USA,0
68,1539988552670654464,Gossiping Celebrities,gossipingcelebb,2022-06-23 15:08:32+00:00,"Springfiel, Oregon",52
69,2913133888,Secret of Aging,SecretofAging,2014-12-09 18:45:44+00:00,"Chicago, IL",6662
70,67056991,OmniTee,omnitee_designs,2009-08-19 17:12:49+00:00,,10929
71,991704130010910720,7 days Online Store,Aleena_Bano1,2018-05-02 15:41:04+00:00,Pakistan,12643
72,1001741928273203200,Winchester Hospice,WinchHospice,2018-05-30 08:27:41+00:00,"Winchester, Hampshire",935
73,19854456,Martha A Cheves,StirLaughRepeat,2009-02-01 11:47:04+00:00,"Charlotte, NC",3916
74,3360355510,World Boutiques Ó®Ä,world_boutiques,2015-07-05 10:15:44+00:00,"Manhattan Beach, CA",2938
75,991704130010910720,7 days Online Store,Aleena_Bano1,2018-05-02 15:41:04+00:00,Pakistan,12643
76,19854456,Martha A Cheves,StirLaughRepeat,2009-02-01 11:47:04+00:00,"Charlotte, NC",3916
77,1569268025223778304,AiN online shoping & advertising,AsimNathanial,2022-09-12 10:14:11+00:00,karachi pakistan,1007
78,1613835864,PrettyGemsLovedAgain,PrettyGemsLoved,2013-07-22 23:13:50+00:00,"Bel Air, MD",1731
79,1569268025223778304,AiN online shoping & advertising,AsimNathanial,2022-09-12 10:14:11+00:00,karachi pakistan,1007
80,19854456,Martha A Cheves,StirLaughRepeat,2009-02-01 11:47:04+00:00,"Charlotte, NC",3916
81,991704130010910720,7 days Online Store,Aleena_Bano1,2018-05-02 15:41:04+00:00,Pakistan,12643
82,1569268025223778304,AiN online shoping & advertising,AsimNathanial,2022-09-12 10:14:11+00:00,karachi pakistan,1007
83,1079391018573803520,JustInfo4us,JInfo4us,2018-12-30 14:57:27+00:00,,2611
84,1569268025223778304,AiN online shoping & advertising,AsimNathanial,2022-09-12 10:14:11+00:00,karachi pakistan,1007
85,19854456,Martha A Cheves,StirLaughRepeat,2009-02-01 11:47:04+00:00,"Charlotte, NC",3916
86,1118057594281758720,Stylish Lady,buy1_best,2019-04-16 07:44:37+00:00,"New York, NY",9571
87,1569268025223778304,AiN online shoping & advertising,AsimNathanial,2022-09-12 10:14:11+00:00,karachi pakistan,1007
88,19854456,Martha A Cheves,StirLaughRepeat,2009-02-01 11:47:04+00:00,"Charlotte, NC",3916
89,288581441,Kodie Conner üèÅüá∫üá∏,KodieConner,2011-04-27 03:18:26+00:00,,11102
90,1569268025223778304,AiN online shoping & advertising,AsimNathanial,2022-09-12 10:14:11+00:00,karachi pakistan,1007
91,4139653774,Envy Boutique,EnvyBtq,2015-11-08 05:54:54+00:00,"Windsor, Ontario",74
92,1531633917572308992,buri lipe,BuriLipe,2022-05-31 13:49:28+00:00,,543
93,1628819314345123840,Melange4Women Boutique,Melange_4_Women,2023-02-23 18:09:33+00:00,,0
94,19854456,Martha A Cheves,StirLaughRepeat,2009-02-01 11:47:04+00:00,"Charlotte, NC",3916
95,1574586456685056000,JHB.News,jaihobharatnews,2022-09-27 02:27:32+00:00,"Bengaluru South, India",77
96,991704130010910720,7 days Online Store,Aleena_Bano1,2018-05-02 15:41:04+00:00,Pakistan,12643
97,991704130010910720,7 days Online Store,Aleena_Bano1,2018-05-02 15:41:04+00:00,Pakistan,12643
98,1547338580040859648,Nzuchi Apparel,NzuchiApparel,2022-07-13 21:54:11+00:00,United States,8
99,991704130010910720,7 days Online Store,Aleena_Bano1,2018-05-02 15:41:04+00:00,Pakistan,12643
100,1574586456685056000,JHB.News,jaihobharatnews,2022-09-27 02:27:32+00:00,"Bengaluru South, India",77
101,175189940,The Distinctive Chic,ChicDistinctive,2010-08-05 23:06:15+00:00,16920 9 Mile Rd Eastpointe Mi,72
102,19854456,Martha A Cheves,StirLaughRepeat,2009-02-01 11:47:04+00:00,"Charlotte, NC",3916
103,991704130010910720,7 days Online Store,Aleena_Bano1,2018-05-02 15:41:04+00:00,Pakistan,12643
104,3351586319,CGKBlueGlobe,CGKESHOPS,2015-06-30 10:00:03+00:00,Greece,79
105,1118057594281758720,Stylish Lady,buy1_best,2019-04-16 07:44:37+00:00,"New York, NY",9571
106,1574586456685056000,JHB.News,jaihobharatnews,2022-09-27 02:27:32+00:00,"Bengaluru South, India",77
107,3360355510,World Boutiques Ó®Ä,world_boutiques,2015-07-05 10:15:44+00:00,"Manhattan Beach, CA",2938
108,394281259,Gail Brinson Ivey,GailBrinsonIvey,2011-10-19 20:58:13+00:00,"Nashville, TN ",21949
109,19854456,Martha A Cheves,StirLaughRepeat,2009-02-01 11:47:04+00:00,"Charlotte, NC",3916
110,991704130010910720,7 days Online Store,Aleena_Bano1,2018-05-02 15:41:04+00:00,Pakistan,12643
111,1574586456685056000,JHB.News,jaihobharatnews,2022-09-27 02:27:32+00:00,"Bengaluru South, India",77
112,1613835864,PrettyGemsLovedAgain,PrettyGemsLoved,2013-07-22 23:13:50+00:00,"Bel Air, MD",1731
113,1508851023468654592,Cortis,cortis,2022-03-29 16:58:18+00:00,"Maine, USA",27
114,991704130010910720,7 days Online Store,Aleena_Bano1,2018-05-02 15:41:04+00:00,Pakistan,12643
115,19854456,Martha A Cheves,StirLaughRepeat,2009-02-01 11:47:04+00:00,"Charlotte, NC",3916
116,991704130010910720,7 days Online Store,Aleena_Bano1,2018-05-02 15:41:04+00:00,Pakistan,12643
117,38786759,Tie,TieashaB,2009-05-09 03:16:50+00:00,"Naptown, Indiana",2859
118,991704130010910720,7 days Online Store,Aleena_Bano1,2018-05-02 15:41:04+00:00,Pakistan,12643
119,805254212019855360,Magic Dressup,magicdressup,2016-12-04 03:35:39+00:00,"California, USA",4001
120,1337767816024485888,A N G E L S,angeliqhub,2020-12-12 14:34:56+00:00,Worldwide,3936
121,19854456,Martha A Cheves,StirLaughRepeat,2009-02-01 11:47:04+00:00,"Charlotte, NC",3916
122,30850569,Big Head Shawty,LilRonTrackz,2009-04-13 11:49:48+00:00,Touristlifeapparel@gmail.com,1229
123,19854456,Martha A Cheves,StirLaughRepeat,2009-02-01 11:47:04+00:00,"Charlotte, NC",3916
124,991704130010910720,7 days Online Store,Aleena_Bano1,2018-05-02 15:41:04+00:00,Pakistan,12643
125,926845667124957184,"E Lloyd Kelly, the-writingelk",elkthepoet,2017-11-04 16:16:41+00:00,MTL. qc. ,170
126,19854456,Martha A Cheves,StirLaughRepeat,2009-02-01 11:47:04+00:00,"Charlotte, NC",3916
127,1592738412473229312,eric00x,eric00x,2022-11-16 04:36:56+00:00,,18
128,991704130010910720,7 days Online Store,Aleena_Bano1,2018-05-02 15:41:04+00:00,Pakistan,12643
129,14159662,nnnlingerie,naughtyandnice,2008-03-16 22:00:24+00:00,Free shipping within the USA,1856
130,1248577456992378880,Richesz,Richesz4,2020-04-10 11:45:15+00:00,,49
131,19854456,Martha A Cheves,StirLaughRepeat,2009-02-01 11:47:04+00:00,"Charlotte, NC",3916
132,3360355510,World Boutiques Ó®Ä,world_boutiques,2015-07-05 10:15:44+00:00,"Manhattan Beach, CA",2938
133,3360355510,World Boutiques Ó®Ä,world_boutiques,2015-07-05 10:15:44+00:00,"Manhattan Beach, CA",2938
134,19854456,Martha A Cheves,StirLaughRepeat,2009-02-01 11:47:04+00:00,"Charlotte, NC",3916
135,1594076853442166784,ùê¥ùëõùëîùëíùëôü¶ã,Erotic_XxX7,2022-11-19 21:16:39+00:00,,547
136,38786759,Tie,TieashaB,2009-05-09 03:16:50+00:00,"Naptown, Indiana",2859
137,67056991,OmniTee,omnitee_designs,2009-08-19 17:12:49+00:00,,10929
138,1547338580040859648,Nzuchi Apparel,NzuchiApparel,2022-07-13 21:54:11+00:00,United States,8
139,991704130010910720,7 days Online Store,Aleena_Bano1,2018-05-02 15:41:04+00:00,Pakistan,12643
140,35062775,DWedgeCreations,DWedgeCreations,2009-04-24 22:32:02+00:00,"Clint, Texas",680
141,1613835864,PrettyGemsLovedAgain,PrettyGemsLoved,2013-07-22 23:13:50+00:00,"Bel Air, MD",1731
142,1574586456685056000,JHB.News,jaihobharatnews,2022-09-27 02:27:32+00:00,"Bengaluru South, India",77
143,991704130010910720,7 days Online Store,Aleena_Bano1,2018-05-02 15:41:04+00:00,Pakistan,12643
144,19854456,Martha A Cheves,StirLaughRepeat,2009-02-01 11:47:04+00:00,"Charlotte, NC",3916
145,4836768550,Tina,Bunnyblaze1111,2016-01-22 23:16:04+00:00,Etats-Unis,342
146,1118057594281758720,Stylish Lady,buy1_best,2019-04-16 07:44:37+00:00,"New York, NY",9571
147,991704130010910720,7 days Online Store,Aleena_Bano1,2018-05-02 15:41:04+00:00,Pakistan,12643
148,19854456,Martha A Cheves,StirLaughRepeat,2009-02-01 11:47:04+00:00,"Charlotte, NC",3916
149,991704130010910720,7 days Online Store,Aleena_Bano1,2018-05-02 15:41:04+00:00,Pakistan,12643
150,19854456,Martha A Cheves,StirLaughRepeat,2009-02-01 11:47:04+00:00,"Charlotte, NC",3916
151,991704130010910720,7 days Online Store,Aleena_Bano1,2018-05-02 15:41:04+00:00,Pakistan,12643
152,4836768550,Tina,Bunnyblaze1111,2016-01-22 23:16:04+00:00,Etats-Unis,342
153,991704130010910720,7 days Online Store,Aleena_Bano1,2018-05-02 15:41:04+00:00,Pakistan,12643
154,117630075,seamlessblend,seamlessblend,2010-02-26 03:35:13+00:00,"New York, NY",1990
155,117630075,seamlessblend,seamlessblend,2010-02-26 03:35:13+00:00,"New York, NY",1990
156,19854456,Martha A Cheves,StirLaughRepeat,2009-02-01 11:47:04+00:00,"Charlotte, NC",3916
157,1184529570235584512,ZR21designs,zr21designs,2019-10-16 18:01:07+00:00,Worldwide,2172
158,399114376,SinglePointFinancial,Single_PointFA,2011-10-27 00:51:10+00:00,"Portland Metro, Oregon",360
159,991704130010910720,7 days Online Store,Aleena_Bano1,2018-05-02 15:41:04+00:00,Pakistan,12643
160,4836768550,Tina,Bunnyblaze1111,2016-01-22 23:16:04+00:00,Etats-Unis,342
161,537814553,AJoy,Caketeer,2012-03-27 03:36:25+00:00,,12
162,991704130010910720,7 days Online Store,Aleena_Bano1,2018-05-02 15:41:04+00:00,Pakistan,12643
163,778057486355922944,Diafrida,diafrida05,2016-09-20 02:25:35+00:00,,589
164,1539988552670654464,Gossiping Celebrities,gossipingcelebb,2022-06-23 15:08:32+00:00,"Springfiel, Oregon",52
165,778057486355922944,Diafrida,diafrida05,2016-09-20 02:25:35+00:00,,589
166,537814553,AJoy,Caketeer,2012-03-27 03:36:25+00:00,,12
167,4836768550,Tina,Bunnyblaze1111,2016-01-22 23:16:04+00:00,Etats-Unis,342
168,778057486355922944,Diafrida,diafrida05,2016-09-20 02:25:35+00:00,,589
169,3360355510,World Boutiques Ó®Ä,world_boutiques,2015-07-05 10:15:44+00:00,"Manhattan Beach, CA",2938
170,1574586456685056000,JHB.News,jaihobharatnews,2022-09-27 02:27:32+00:00,"Bengaluru South, India",77
171,991704130010910720,7 days Online Store,Aleena_Bano1,2018-05-02 15:41:04+00:00,Pakistan,12643
172,778057486355922944,Diafrida,diafrida05,2016-09-20 02:25:35+00:00,,589
173,19854456,Martha A Cheves,StirLaughRepeat,2009-02-01 11:47:04+00:00,"Charlotte, NC",3916
174,3360355510,World Boutiques Ó®Ä,world_boutiques,2015-07-05 10:15:44+00:00,"Manhattan Beach, CA",2938
175,3360355510,World Boutiques Ó®Ä,world_boutiques,2015-07-05 10:15:44+00:00,"Manhattan Beach, CA",2938
176,3360355510,World Boutiques Ó®Ä,world_boutiques,2015-07-05 10:15:44+00:00,"Manhattan Beach, CA",2938
177,1241749653013630976,FikafuntimesüëâNancy Tremblayüåπ,fikafuntimes,2020-03-22 15:33:00+00:00,Free Shipping Worldwide‚¨áÔ∏èüõí ‚û°Ô∏è,5092
178,76101666,SWCreations Jewelry,swcreations,2009-09-21 18:30:16+00:00,Texas,489
179,1098499944262950912,Beierstores,beierstores,2019-02-21 08:29:30+00:00,Etats-Unis,28
180,12244202,Julien Vansteeger,jvansteeger,2008-01-15 00:05:02+00:00,Paris - Hong Kong,976
181,991704130010910720,7 days Online Store,Aleena_Bano1,2018-05-02 15:41:04+00:00,Pakistan,12643
182,991704130010910720,7 days Online Store,Aleena_Bano1,2018-05-02 15:41:04+00:00,Pakistan,12643
183,28509405,Fashion Jewelry,guext65,2009-04-03 05:16:57+00:00,"Tacoma,WA",1969
